<?xml version="1.0" encoding="UTF-8"?>
<metadata>
  <groupId>org.mule.tools</groupId>
  <artifactId>studio-maven-plugin</artifactId>
  <versioning>
    <latest>3.4.15</latest>
    <release>3.4.15</release>
    <versions>
      <version>1.3.0</version>
      <version>1.3.0-EA</version>
      <version>1.3.1</version>
      <version>1.3.2</version>
      <version>3.4.0</version>
      <version>3.4.2-RC1</version>
      <version>3.4.2</version>
      <version>3.4.3</version>
      <version>3.4.4</version>
      <version>3.4.5</version>
      <version>3.4.6</version>
      <version>3.4.7</version>
      <version>3.4.8</version>
      <version>3.4.9</version>
      <version>3.4.10</version>
      <version>3.4.11</version>
      <version>3.4.12</version>
      <version>3.4.13</version>
      <version>3.4.14</version>
      <version>3.4.15</version>
    </versions>
    <lastUpdated>20161205203145</lastUpdated>
  </versioning>
</metadata>
